"Palta", 449.83, 545
"Espárrago", 575.45, 208
"Zanahoria", 31.59, 666
"Rabanito", 240.56, 294
"Frambuesa", 2153.98, 84
"Lima", 1307.35, 236
"Coliflor", 30.77, 545
"Lima", 1054.44, 206
"Durazno", 160.61, 648
"Champignon", 3621.80, 109
"Palta", 1144.49, 416
"Lima", 1209.38, 222
"Apio", 55.38, 315
"Berenjena", 59.57, 486
"Coliflor", 33.85, 510
"Berenjena", 55.01, 600
"Banana", 50.13, 1030
"Naranja", 16.80, 860
"Mandarina", 26.95, 950
"Banana", 59.25, 1090
"Morrón", 2876.30, 540
"Naranja", 16.64, 1170
"Acelga", 24.47, 747
"Naranja", 8.08, 1190
"Kinoto", 40.39, 202
"Ajo", 933.42, 114
"Manzana", 145.31, 1000
"Mandarina", 9.65, 1050
"TomCherry", 556.39, 234
"Espárrago", 632.81, 160
"Ciruela", 936.29, 1062
"Tomate", 709.73, 792
"Tomate", 743.25, 1026
"Morrón", 2914.68, 666
"Repollo", 4.50, 833
"Papa", 12.76, 1000
"Limon", 305.08, 707
"Brócoli", 364.43, 392
"Lima", 1246.43, 214
"Frutilla", 256.40, 330
"Tomate", 718.45, 927
"Ciruela", 1017.94, 720
"Durazno", 155.79, 768
"Banana", 52.45, 860
"Lima", 1222.40, 218
"Frambuesa", 2102.31, 96
"Lima", 1205.06, 204
"Manzana", 127.18, 1040
"Choclo", 57.98, 258
"Uva", 710.61, 354
"Zanahoria", 41.61, 552
"Morrón", 2952.10, 486
"Durazno", 183.60, 680
"Alcachofa", 153.55, 348
"Champignon", 3623.84, 82
"Lima", 1346.43, 222
"Uva", 703.32, 300
"Alcachofa", 150.07, 240
"Caqui", 770.72, 118
"Sandía", 64.37, 1035
"Frambuesa", 2101.11, 86
"Cereza", 1070.58, 180
"Alcachofa", 164.53, 279
"Batata", 13.31, 1080
"Ajo", 884.78, 105
"Choclo", 54.10, 354
"Naranja", 17.46, 1110
"Morrón", 2892.02, 504
"Alcachofa", 137.96, 240
"Lima", 1384.06, 210
"Alcachofa", 145.00, 333
"Rabanito", 222.48, 315
"Durazno", 276.18, 840
"Pepino", 31.23, 550
"Pomelo", 45.27, 882
"Ajo", 914.43, 115
"Cebolla", 61.59, 912
"TomCherry", 551.06, 232
"Papa", 16.46, 1040
"Tomate", 759.06, 918
"Berenjena", 74.15, 690
"Melón", 116.08, 432
"Sandía", 56.19, 1062
"Pomelo", 32.23, 1044
"Cereza", 988.57, 222
"Coliflor", 26.47, 465
"Champignon", 3542.02, 91
"Durazno", 182.26, 664
"Palta", 471.13, 600
"TomCherry", 577.16, 194
"Berenjena", 58.34, 558
"Brócoli", 385.53, 340
"Cereza", 1033.66, 162
"Melón", 87.45, 396
"Lima", 1196.87, 178
"Durazno", 190.26, 864
"Zanahoria", 38.47, 600
"Coliflor", 25.17, 460
"Kiwi", 440.00, 328
"Champignon", 3606.55, 103
"Kiwi", 422.19, 400
"Durazno", 174.12, 824
"Ciruela", 1018.11, 945
"TomCherry", 528.04, 218
"Champignon", 3534.02, 118
"Frutilla", 295.00, 261
"Durazno", 274.17, 904
"Frutilla", 292.70, 318
"Pepino", 28.13, 590
"Caqui", 831.01, 110
"Ciruela", 913.11, 810
"Espárrago", 615.39, 234
"Naranja", 15.59, 970
"Espárrago", 632.35, 226
"Frambuesa", 2050.49, 109
"Berenjena", 41.26, 648
"Tomate", 723.52, 1062
"Lima", 1062.61, 168
"Tomate", 720.23, 1035
"Mandarina", 30.30, 1170
"Lima", 1276.46, 230
"Naranja", 10.35, 1120
"Champignon", 3628.74, 105
"Palta", 1129.83, 404
"Sandía", 60.86, 747
"Frutilla", 273.67, 306
"Sandía", 57.76, 1017
"Mandarina", 21.02, 1010
"Alcachofa", 151.79, 264
"Batata", 18.28, 1100
"Champignon", 3523.50, 111
"Pepino", 36.37, 560
"Lechuga", 37.52, 801
"Morrón", 2981.10, 516
"Rabanito", 203.20, 330
"Caqui", 785.55, 96
"Frambuesa", 2035.76, 106
"Higo", 2514.06, 86
"Durazno", 158.12, 640
"Banana", 67.61, 940
"Brócoli", 373.12, 468
"Lima", 1031.75, 212
"Manzana", 154.55, 970
"Alcachofa", 150.30, 327
"Limon", 328.86, 819
"Cebolla", 76.47, 848
"Sandía", 68.34, 765
"Rabanito", 222.85, 360
"Kiwi", 431.55, 340
"Batata", 14.16, 970
"Alcachofa", 144.67, 324
"Durazno", 270.44, 688
"Batata", 13.78, 820
"Zuccini", 82.86, 636
"Pomelo", 40.36, 963
"Cereza", 1044.56, 180
"Berenjena", 55.31, 618
"Mandarina", 20.64, 1110
"Manzana", 125.03, 980
"Lechuga", 31.28, 846
"Melón", 106.27, 328
"Pera", 148.97, 1190
"Durazno", 172.79, 664
"Zanahoria", 34.09, 696
"Frambuesa", 2024.19, 103
"Palta", 512.49, 405
"Espárrago", 574.21, 174
"Zuccini", 87.21, 558
"Ajo", 874.52, 85
"Pepino", 42.11, 410
"Melón", 114.34, 320
"Tomate", 755.21, 891
"Pepino", 35.44, 550
"Pomelo", 47.78, 819
"Manzana", 138.03, 1180
"Calabaza", 12.04, 872
"Lima", 1266.97, 236
"Morrón", 3007.53, 678
"Zanahoria", 34.40, 510
"Morrón", 2957.48, 522
"Durazno", 179.56, 904
"Durazno", 155.05, 952
"Rabanito", 218.87, 255
"Coliflor", 29.25, 535
"Batata", 30.59, 820
"Tomate", 675.64, 774
"Naranja", 11.16, 1150
"Sandía", 70.89, 720
"Cereza", 996.06, 160
"Kinoto", 32.31, 220
"Palta", 1037.85, 428
"Pomelo", 45.38, 990
"Calabaza", 24.71, 664
"Lima", 1290.45, 180
"Tomate", 746.41, 756
"Higo", 2563.30, 120
"Apio", 72.61, 309
"Ajo", 892.48, 107
"Acelga", 22.39, 963
"Naranja", 14.97, 1180
"Banana", 71.87, 1150
"Berenjena", 58.40, 612
"Rabanito", 220.15, 318
"Lima", 1022.95, 172
"Rabanito", 233.76, 336
"Kiwi", 428.94, 376
"Lechuga", 45.80, 981
"Higo", 2456.68, 114
"Palta", 1141.92, 436
"Banana", 54.41, 1150
"Alcachofa", 138.27, 309
"Kinoto", 40.64, 212
"Kiwi", 428.97, 412
"Durazno", 140.21, 736
"Ciruela", 990.54, 882
"Espárrago", 576.44, 162
"Caqui", 807.86, 110
"Batata", 17.20, 1180
"Tomate", 711.96, 1071
"Brócoli", 328.41, 320
"Rabanito", 229.37, 255
"Banana", 66.87, 1190
"Palta", 482.82, 535
"Mandarina", 15.23, 960
"Calabaza", 16.10, 960
"Mandarina", 4.13, 960
"Kinoto", 18.03, 202
"Lima", 1381.63, 204
"Morrón", 3016.19, 522
"Batata", 18.72, 1090
"Higo", 2532.55, 91
"Caqui", 807.36, 114
"Palta", 493.83, 520
"Cereza", 1024.59, 204
"Morrón", 2918.80, 576
"Champignon", 3583.99, 119
"Berenjena", 56.07, 480
"Pepino", 39.35, 495
"Cereza", 1017.58, 220
"TomCherry", 544.89, 222
"Ciruela", 967.75, 783
"Palta", 1156.47, 368
"Morrón", 3022.16, 540
"Zanahoria", 39.37, 648
"Lima", 1197.18, 236
"Manzana", 146.16, 1180
"Berenjena", 54.33, 678
"Mandarina", 29.86, 980
"Berenjena", 37.56, 648
"Papa", 22.74, 820
"Acelga", 18.35, 801
"Frambuesa", 1996.70, 109
"Naranja", 17.12, 1080
"Pera", 158.65, 1000
"Lima", 1209.27, 182
"Acelga", 20.50, 828
"Higo", 2470.43, 92
"Naranja", 13.41, 990
"Ajo", 909.88, 98
"Frambuesa", 2031.19, 116
"Rabanito", 216.06, 267
"Acelga", 22.75, 1017
"Lima", 1415.42, 170
"Morrón", 2906.69, 504
"Cereza", 1030.18, 168
"Pomelo", 56.61, 972
"Berenjena", 55.26, 516
"Sandía", 69.29, 765
"Frutilla", 256.26, 342
"Ciruela", 973.66, 855
"Caqui", 838.28, 95
"Banana", 53.18, 800
"Limon", 343.44, 679
"Naranja", 13.17, 910
"Alcachofa", 132.26, 300
"Durazno", 136.06, 840
"Apio", 61.21, 354
"Lechuga", 49.07, 945
"Morrón", 2970.04, 588
"Ciruela", 960.04, 1035
"Cereza", 961.24, 198
"Repollo", 6.40, 651
"Sandía", 66.99, 819
"Morrón", 2960.80, 690
"Kiwi", 428.67, 380
"Acelga", 21.18, 954
"Naranja", 10.19, 1100
"Lima", 1234.31, 180
"Lima", 1178.38, 194
"Espárrago", 611.10, 204
"Apio", 62.00, 294
"Pera", 176.03, 1160
"Batata", 24.74, 1180
"Ajo", 862.70, 109
"TomCherry", 547.06, 194
"Rabanito", 218.76, 300
"Durazno", 253.84, 648
"Espárrago", 603.23, 216
"Banana", 52.13, 1070
"Pera", 148.71, 850
"Durazno", 170.65, 768
"Champignon", 3501.60, 112
"Lima", 1287.50, 166
"Lechuga", 44.23, 945
"Kinoto", 33.72, 186
"Cebolla", 57.32, 696
"Mandarina", 32.84, 970
"Ciruela", 920.87, 1026
"Naranja", 16.74, 890
"Mandarina", 24.40, 1070
"Frutilla", 276.54, 330
"Mandarina", 32.03, 870
"Cereza", 999.56, 228
"Sandía", 54.28, 1071
"Durazno", 166.13, 640
"Pomelo", 48.61, 882
"Ciruela", 958.38, 756
"Lima", 1221.81, 196
"Zanahoria", 28.43, 696
"Palta", 464.66, 480
"Naranja", 8.28, 970
"Mandarina", 18.25, 990
"Durazno", 252.23, 728
"Pepino", 47.91, 585
"Champignon", 3581.83, 108
"Tomate", 695.63, 792
"Zanahoria", 30.73, 492
"Lima", 1020.75, 178
"Kinoto", 36.98, 236
"Pepino", 37.63, 450
"Calabaza", 20.29, 912
"Cebolla", 65.69, 872
"Batata", 25.72, 1150
"Lima", 1012.89, 214
"Limon", 326.36, 588
"Lima", 1241.94, 226
"Mandarina", 19.13, 980
"Papa", 12.58, 860
"Choclo", 53.72, 312
"Morrón", 2921.53, 660
"Limon", 322.91, 609
"Sandía", 70.34, 837
"Apio", 62.77, 360
"Frutilla", 306.77, 300
"TomCherry", 567.45, 172
"Mandarina", 11.90, 1080
"Rabanito", 235.73, 348
"Lima", 1014.99, 160
"Zanahoria", 30.61, 624
"Frambuesa", 2092.05, 100
"Caqui", 838.40, 97
"Pera", 126.71, 1140
"Lima", 1225.23, 184
"Naranja", 11.41, 1170
"Pera", 148.90, 1140
"Apio", 54.42, 270
"Naranja", 15.07, 890
"Palta", 498.70, 410
"Lima", 1160.57, 186
"Batata", 19.77, 1070
"Coliflor", 41.04, 460
"Sandía", 65.21, 1071
"Naranja", 10.21, 1180
"Banana", 73.99, 910
"Kinoto", 36.39, 218
"Acelga", 23.66, 909
"Durazno", 282.47, 800
"Cereza", 1004.44, 172
"Pomelo", 51.01, 882
"Durazno", 138.72, 936
"Banana", 62.90, 1130
"Alcachofa", 149.41, 357
"Calabaza", 19.38, 824
"Rabanito", 214.98, 318
"Coliflor", 27.96, 475
"Pera", 154.63, 1200
"Pepino", 30.21, 555
"Ajo", 863.39, 108
"TomCherry", 556.17, 210
"Champignon", 3576.24, 102
"Mandarina", 20.65, 840
"Manzana", 131.13, 1020
"Zuccini", 89.33, 702
"Pomelo", 55.89, 783
"Morrón", 2924.37, 684
"Lima", 1227.34, 238
"Banana", 72.07, 1070
"Durazno", 143.46, 936
"Lima", 1025.78, 224
"Batata", 21.59, 1010
"Pera", 144.92, 1180
"Coliflor", 26.40, 420
"Lima", 1208.32, 186
"Sandía", 73.10, 972
"Alcachofa", 143.06, 249
"Kiwi", 416.26, 416
"Uva", 710.15, 315
"Tomate", 753.44, 819
"Palta", 1175.71, 368
"Frambuesa", 2005.59, 81
"Caqui", 828.07, 91
"Pera", 132.11, 1020
"Zuccini", 75.36, 576
"Sandía", 72.06, 1080
"Espárrago", 574.90, 198
"Higo", 2468.52, 117
"Batata", 11.30, 820
"Mandarina", 16.08, 1190
"Uva", 705.24, 258
"Zuccini", 78.55, 642
"Limon", 319.94, 672
"Zanahoria", 35.41, 492
"Champignon", 3650.32, 88
"Mandarina", 18.54, 910
"Apio", 66.58, 324
"Calabaza", 28.32, 792
"Coliflor", 29.90, 465
"Brócoli", 361.09, 384
"TomCherry", 550.09, 188
"Kiwi", 419.50, 464
"Brócoli", 348.38, 356
"Lima", 1425.51, 232
"Acelga", 24.06, 738
"TomCherry", 504.41, 164
"Lima", 1073.89, 214
"Melón", 101.38, 372
"Brócoli", 363.37, 336
"Limon", 306.51, 700
"Apio", 43.70, 360
"Pepino", 32.34, 575
"Cebolla", 77.84, 704
"Palta", 1140.45, 404
"Coliflor", 37.23, 450
"Palta", 489.37, 470
"Tomate", 751.90, 828
"Manzana", 144.35, 960
"Lima", 1022.89, 202
"Tomate", 774.15, 900
"Kinoto", 34.04, 220
"Palta", 485.78, 475
"Mandarina", 25.92, 820
"TomCherry", 556.70, 202
"Mandarina", 18.17, 1190
"Ajo", 918.16, 112
"Higo", 2565.35, 111
"Lima", 1234.74, 212
"Kinoto", 36.26, 208
"Champignon", 3571.03, 86
"Mandarina", 12.10, 1050
"Sandía", 63.67, 1026
"Lima", 1312.53, 176
"Tomate", 742.48, 909
"Manzana", 141.28, 920
"Naranja", 12.75, 870
"Papa", 19.67, 1020
"Pera", 151.48, 1140
"Repollo", 4.23, 707
"Durazno", 175.90, 832
"Apio", 67.46, 240
"Calabaza", 21.91, 720
"Cebolla", 61.06, 800
"Palta", 1167.52, 324
"Durazno", 125.61, 792
"Mandarina", 15.35, 1080
"Tomate", 737.05, 765
"Palta", 1136.20, 364
"Lechuga", 36.30, 828
"TomCherry", 539.54, 236
"Limon", 286.34, 665
"Durazno", 164.24, 720
"Limon", 353.42, 665
"Ajo", 901.75, 111
"Frutilla", 290.47, 255
"Lima", 1152.76, 232
"Cereza", 1058.54, 224
"Pomelo", 48.21, 801
"Durazno", 265.68, 768
"Pepino", 38.65, 445
"Pomelo", 40.91, 756
"Uva", 747.08, 333
"Uva", 654.62, 288
"Naranja", 9.49, 830
"Tomate", 740.86, 1062
"Naranja", 8.46, 1190
"Batata", 18.54, 820
"Caqui", 807.13, 97
"Brócoli", 343.40, 460
"Batata", 19.89, 1110
"Coliflor", 30.76, 430
"Palta", 1102.42, 360
"Pera", 157.70, 1110
"Kinoto", 43.91, 182
"Lima", 1252.90, 240
"Durazno", 154.13, 848
"Lima", 1422.88, 198
"Lima", 1092.20, 202
"Cebolla", 65.57, 784
"Papa", 18.70, 1060
"Acelga", 18.98, 909
"Berenjena", 56.42, 624
"Alcachofa", 159.30, 318
"Palta", 460.69, 515
"TomCherry", 524.04, 236
"Cereza", 1034.66, 238
"Cebolla", 60.25, 728
"Durazno", 276.38, 832
"Pepino", 44.00, 415
"Manzana", 158.61, 810
"TomCherry", 567.13, 196
"Batata", 24.16, 840
"Espárrago", 575.88, 184
"Berenjena", 46.49, 660
"Naranja", 16.61, 1060
"Calabaza", 22.46, 680
"Palta", 536.32, 460
"Limon", 318.05, 756
"Naranja", 16.06, 870
"Choclo", 63.25, 333
"Brócoli", 359.42, 384
"Morrón", 3020.49, 702
"Durazno", 283.29, 816
"Batata", 11.29, 1180
"Melón", 133.35, 384
"Manzana", 135.89, 940
"Lima", 1025.12, 176
"Morrón", 2971.01, 714
"Coliflor", 22.08, 520
"Uva", 738.95, 309
"Lechuga", 32.94, 738
"Limon", 328.23, 721
"Manzana", 152.42, 1000
"Choclo", 47.51, 276
"Lima", 1156.76, 190
"Calabaza", 27.25, 880
"Acelga", 12.66, 783
"Cebolla", 60.38, 792
"Cebolla", 64.91, 848
"Durazno", 154.27, 960
"Coliflor", 21.43, 475
"Kiwi", 420.27, 332
"Ajo", 989.00, 114
"Tomate", 768.86, 945
"Melón", 106.42, 340
"Morrón", 2973.18, 606
"Rabanito", 220.68, 333
"Lechuga", 32.67, 918
"Pepino", 41.31, 585
"Manzana", 126.26, 1090
"Durazno", 154.98, 704
"Limon", 323.93, 630
"Lima", 1043.13, 186
"Lima", 1214.29, 200
"Berenjena", 63.43, 696
"Uva", 722.53, 267
"Frutilla", 296.78, 339
"Espárrago", 604.48, 240
"Espárrago", 602.42, 162
"Frutilla", 323.13, 342
"Pepino", 45.58, 445
"Frambuesa", 2103.01, 107
"Alcachofa", 137.04, 294
"Choclo", 59.73, 261
"Zuccini", 88.29, 522
"Papa", 24.05, 850
"Kinoto", 24.83, 230
"Brócoli", 333.54, 360
"Cereza", 1030.58, 200
"Coliflor", 29.40, 595
"Melón", 98.45, 436
"Morrón", 3018.94, 510
"Frutilla", 259.81, 291
"Caqui", 860.24, 99
"Durazno", 136.09, 872
"Zuccini", 80.19, 618
"Manzana", 154.67, 1200
"Ciruela", 1010.03, 819
"Melón", 120.43, 372
"Ciruela", 961.81, 918
"Manzana", 128.40, 1180
"Acelga", 21.06, 729
"Morrón", 2935.92, 480
"Champignon", 3541.71, 87
"Lechuga", 36.15, 801
"Ciruela", 986.70, 819
"Champignon", 3578.76, 107
"Pepino", 34.31, 525
"Champignon", 3595.47, 108
"Manzana", 120.83, 1200
"Lima", 1053.62, 212
"Mandarina", 6.81, 1090
"Champignon", 3674.83, 92
"Lima", 1052.82, 192
"Papa", 14.44, 910
"Durazno", 174.89, 880
"Durazno", 290.26, 840
"Palta", 1162.24, 472
"Limon", 341.78, 686
"Uva", 670.55, 357
"Choclo", 50.24, 294
"Sandía", 59.21, 720
"Kinoto", 39.97, 198
"Tomate", 789.61, 1017
"Lechuga", 42.18, 981
"Ajo", 908.45, 116
"Frutilla", 278.68, 279
"Berenjena", 48.96, 582
"Manzana", 162.87, 920
"Uva", 688.49, 321
"Morrón", 2896.00, 624
"Naranja", 13.36, 1040
"Mandarina", 11.19, 890
"Berenjena", 49.19, 660
"Papa", 17.43, 1130
"Mandarina", 17.83, 1160
"Morrón", 2932.04, 552
"Zanahoria", 38.85, 702
"Cereza", 1006.26, 208
"Berenjena", 59.03, 558
"Kinoto", 22.42, 224
"Naranja", 15.97, 970
"Pera", 168.73, 1100
"Frambuesa", 2078.27, 117
"Rabanito", 229.39, 264
"Acelga", 21.45, 981
"Palta", 1158.21, 384
"Frutilla", 257.97, 249
"Coliflor", 37.90, 600
"Tomate", 751.53, 891
"Brócoli", 340.46, 404
"Apio", 56.96, 333
"Batata", 22.87, 1070
"Lima", 1021.95, 230
"Berenjena", 48.30, 564
"Champignon", 3613.92, 114
"Berenjena", 39.89, 528
"Naranja", 21.42, 850
"Cebolla", 69.57, 928
"Frambuesa", 1999.67, 83
"Brócoli", 322.43, 432
"Banana", 70.20, 1090
"Caqui", 810.34, 116
"Uva", 714.03, 354
"Pomelo", 46.27, 792
"Repollo", 6.06, 623
"Ajo", 957.61, 112
"Espárrago", 605.44, 226
"Durazno", 153.79, 936
"Champignon", 3603.16, 108
"Durazno", 156.39, 664
"Cereza", 1034.45, 174
"Rabanito", 217.49, 333
"Papa", 11.63, 1070
"Tomate", 684.97, 918
"TomCherry", 531.61, 198
"Rabanito", 233.01, 321
"Acelga", 22.44, 801
"Batata", 17.14, 1000
"Morrón", 2891.59, 486
"Durazno", 169.96, 704
"Coliflor", 33.01, 495
"Repollo", 5.81, 602
"Mandarina", 13.56, 900
"Lima", 1203.25, 220
"Zuccini", 106.58, 642
"Repollo", 5.25, 637
"Naranja", 20.53, 1060
"Papa", 17.93, 1130
"Lima", 1020.41, 190
"Naranja", 14.37, 1020
"Naranja", 8.75, 800
"Palta", 1151.31, 424
"Kiwi", 433.34, 384
"Caqui", 823.44, 98
"Rabanito", 228.33, 261
"Naranja", 18.75, 910
"Durazno", 202.60, 824
"Palta", 509.17, 450
"Mandarina", 27.36, 910
"Choclo", 63.51, 270
"Brócoli", 358.82, 412
"Limon", 342.11, 784
"Frambuesa", 2015.98, 82
"Brócoli", 370.89, 460
"Apio", 57.34, 288
"Higo", 2458.89, 98
"Lima", 969.24, 186
"Coliflor", 39.44, 540
"Apio", 57.83, 261
"Caqui", 866.06, 82
"Pepino", 36.00, 535
"Papa", 12.85, 1140
"Pomelo", 50.53, 837
"Palta", 520.95, 470
"Coliflor", 20.75, 455
"Choclo", 44.52, 327
"Apio", 52.69, 246
"Kinoto", 31.89, 186
"Ajo", 927.93, 82
"Higo", 2442.18, 95
"Mandarina", 22.68, 870
"Pepino", 29.29, 480
"Rabanito", 225.38, 357
"Frambuesa", 2042.65, 87
"Melón", 109.26, 436
"Sandía", 53.42, 1080
"Palta", 1115.12, 428
"Pomelo", 48.14, 738
"Rabanito", 229.77, 279
"Espárrago", 615.23, 240
"Palta", 472.79, 600
"Lima", 1334.42, 172
"Naranja", 14.15, 850
"Palta", 461.29, 450
"Caqui", 783.60, 102
"Banana", 71.99, 830
"Batata", 18.65, 1080
"Ciruela", 970.61, 1071
"Cereza", 1028.71, 188
"Lima", 1422.61, 178
"Choclo", 51.87, 276
"Lima", 1257.33, 220
"Cereza", 991.47, 196
"Pepino", 31.81, 500
"Lima", 1240.11, 172
"Lima", 1225.17, 218
"Pera", 157.07, 1190
"Pepino", 34.38, 405
"Kinoto", 41.95, 192
"Lima", 1208.59, 178
"Mandarina", 21.95, 1190
"TomCherry", 543.23, 162
"Lechuga", 31.05, 945
"Palta", 1096.17, 388
"Repollo", 5.79, 770
"Frambuesa", 2110.97, 93
"Apio", 65.78, 297
"Lima", 1063.38, 206
"Repollo", 6.86, 630
"Ajo", 932.79, 85
"Melón", 103.68, 356
"Durazno", 303.58, 816
"TomCherry", 555.59, 202
"Durazno", 171.48, 768
"Kinoto", 41.24, 204
"Pepino", 28.38, 600
"Durazno", 268.09, 840
"Mandarina", 24.63, 840
"Limon", 298.29, 784
"Higo", 2487.40, 82
"Melón", 92.75, 456
"Repollo", 7.10, 588
"Cereza", 1048.85, 186
"Melón", 120.81, 348
"Palta", 1075.80, 420
"Batata", 15.37, 980
"Rabanito", 214.42, 315
"Lima", 999.05, 236
"Champignon", 3532.55, 82
"Calabaza", 17.89, 944
"Naranja", 12.11, 820
"Frutilla", 282.75, 306
"Lima", 1260.11, 218
"Banana", 57.20, 1040
"Zanahoria", 29.95, 702
"Coliflor", 30.01, 505
"Coliflor", 23.93, 415
"Calabaza", 25.57, 712
"Caqui", 788.69, 99
"Morrón", 2979.40, 666
"Rabanito", 239.39, 282
"Banana", 64.38, 1120
"Durazno", 166.24, 696
"Frambuesa", 2128.61, 120
"Caqui", 864.84, 82
"Melón", 110.17, 392
"Lima", 998.11, 208
"Uva", 729.37, 309
"TomCherry", 566.16, 190
"Pera", 154.22, 800
"TomCherry", 557.76, 174
"Frutilla", 282.03, 294
"Pera", 142.89, 940
"Espárrago", 653.48, 200
"Pomelo", 50.52, 846
"Brócoli", 337.95, 364
"Naranja", 11.52, 840
"Cereza", 1074.81, 208
"Durazno", 237.67, 720
"Pera", 143.63, 920
"Cereza", 1060.21, 160
"Kiwi", 427.45, 344
"Calabaza", 20.81, 768
"Lechuga", 34.72, 756
"Tomate", 741.32, 720
"Espárrago", 634.58, 240
"Durazno", 151.71, 672
"Espárrago", 638.85, 208
"Ajo", 941.63, 85
"Naranja", 10.36, 900
"Apio", 61.60, 321
"Espárrago", 599.01, 170
"Papa", 16.15, 1050
"Pomelo", 33.18, 1080
"Batata", 17.48, 1020
"Rabanito", 226.95, 315
"Choclo", 68.16, 327
"Kinoto", 31.09, 206
"Mandarina", 10.92, 810
"Limon", 319.87, 777
"TomCherry", 577.86, 212
"Palta", 463.69, 550
"Lima", 1336.05, 162
"Banana", 59.92, 860
"Limon", 321.09, 700
"Lima", 1328.48, 184
"Rabanito", 217.88, 282
"Lima", 1346.52, 204
"Durazno", 175.57, 824
"Cebolla", 77.82, 704
"Brócoli", 378.41, 376
"Coliflor", 28.87, 555
"Uva", 717.08, 264
"Batata", 13.04, 900
"Durazno", 258.27, 920
"Manzana", 148.77, 990
"Champignon", 3583.20, 103
"Banana", 48.34, 1050
"TomCherry", 537.38, 188
"Higo", 2441.01, 109
"Lima", 1060.83, 234
"Lima", 1060.92, 172
"Papa", 16.12, 1050
"Higo", 2416.33, 94
"Ciruela", 964.77, 738
"Tomate", 754.28, 738
"Zuccini", 78.40, 702
"Uva", 689.69, 282
"Kinoto", 42.62, 172
"Kinoto", 21.07, 184
"Papa", 9.33, 980
"Palta", 484.63, 530
"Brócoli", 374.83, 320
"Brócoli", 335.84, 360
"Espárrago", 644.76, 186
"Cereza", 993.83, 212
"Pepino", 36.31, 570
"Palta", 1180.56, 360
"Uva", 687.00, 318
"Mandarina", 14.05, 960
"Caqui", 837.20, 104
"Naranja", 11.95, 1120
"Mandarina", 17.30, 980
"Alcachofa", 136.81, 276
"Durazno", 141.21, 648
"Ciruela", 962.93, 855
"Kinoto", 38.43, 186
"Banana", 66.45, 810
"Durazno", 239.87, 792
"Durazno", 265.84, 904
"Pomelo", 44.11, 783
"Durazno", 177.15, 680
"Naranja", 16.46, 1170
"Palta", 1077.83, 432
"Rabanito", 207.94, 282
"Alcachofa", 144.53, 321
"Batata", 23.16, 1010
"Berenjena", 55.07, 678
"Ajo", 897.75, 96
"Cereza", 1073.63, 196
"Mandarina", 19.96, 1030
"Rabanito", 240.99, 318
"Durazno", 169.85, 904
"TomCherry", 509.33, 208
"Uva", 701.33, 243
"Cebolla", 73.61, 824
"Rabanito", 231.68, 285
"Frutilla", 301.26, 318
"Pera", 162.50, 1010
"Alcachofa", 127.69, 240
"Durazno", 286.20, 680
"Lima", 1373.06, 168
"Higo", 2403.18, 89
"Kiwi", 439.78, 416
"Batata", 29.42, 820
"Naranja", 18.87, 910
"Coliflor", 33.86, 590
"Naranja", 8.47, 890
"Limon", 279.73, 623
"Kiwi", 449.74, 428
"Calabaza", 19.45, 784
"Acelga", 19.20, 963
"Lima", 1034.86, 208
"Lima", 1210.07, 236
"Coliflor", 33.76, 455
"Cereza", 1033.81, 206
"Banana", 47.09, 970
"Pepino", 41.98, 415
"Zanahoria", 27.47, 720
"Limon", 335.52, 812
"Palta", 1161.68, 440
"Durazno", 157.33, 904
"Frutilla", 301.70, 252
"Frambuesa", 2043.01, 98
"Pepino", 49.35, 425
"Sandía", 63.47, 981
"Pomelo", 51.08, 981
"Durazno", 152.62, 752
"Papa", 12.88, 870
"Lima", 1237.49, 166
"Morrón", 3014.11, 678
"Palta", 481.42, 455
"Calabaza", 12.58, 848
"Calabaza", 24.81, 768
"Caqui", 839.79, 87
"Papa", 13.50, 1030
"Apio", 39.68, 345
"Manzana", 129.05, 980
"Kinoto", 38.16, 240
"Acelga", 19.62, 810
"Champignon", 3592.06, 97
"Lima", 1179.12, 172
"Naranja", 25.53, 1090
"Banana", 69.61, 1200
"Palta", 1153.80, 464
"Brócoli", 340.38, 412
"Lechuga", 41.50, 720
"Higo", 2571.46, 114
"Durazno", 150.52, 936
"Papa", 15.52, 940
"Apio", 60.33, 351
"Apio", 56.05, 294
"Champignon", 3700.55, 89
"Naranja", 21.45, 930
"Naranja", 12.61, 1000
"Repollo", 4.08, 826
"Frutilla", 324.53, 255
"Durazno", 155.53, 744
"Pepino", 32.42, 435
"Acelga", 10.25, 1053
"Calabaza", 21.35, 768
"Melón", 114.00, 440
"Coliflor", 36.05, 500
"Durazno", 158.00, 776
"TomCherry", 506.79, 216
"Repollo", 5.67, 686
"Ciruela", 974.44, 1044
"Batata", 27.05, 1000
"Repollo", 6.42, 651
"Espárrago", 659.14, 212
"Ajo", 900.96, 90
"Pomelo", 45.49, 729
"Alcachofa", 137.18, 255
"Lima", 1012.48, 228
"Pera", 134.31, 1190
"Pera", 159.29, 1000
"Pomelo", 55.78, 846
"Limon", 341.44, 693
"Pepino", 30.92, 525
"Acelga", 21.31, 720
"Durazno", 150.19, 696
"Pomelo", 51.42, 1062
"Zanahoria", 40.19, 672
"Batata", 14.39, 920
"Berenjena", 64.65, 690
"Papa", 13.94, 900
"Kinoto", 37.41, 200
"Morrón", 2977.44, 678
"Kiwi", 442.03, 460
"Ajo", 931.37, 111
"Espárrago", 646.64, 160
"Pomelo", 47.40, 855
"Choclo", 59.24, 291
"Melón", 108.50, 440
"Caqui", 832.13, 104
"TomCherry", 534.93, 210
"Uva", 693.01, 282
"Naranja", 16.58, 1100
"Cereza", 995.75, 170
"Tomate", 732.24, 1062
"Pera", 161.46, 1190
"Limon", 324.64, 700
"Batata", 23.52, 970
"Durazno", 159.28, 904
"Coliflor", 32.03, 440
"Ajo", 934.63, 103
"Espárrago", 637.34, 174
"Pomelo", 55.55, 1071
"Lima", 1234.07, 186
"Berenjena", 49.76, 696
"Melón", 86.99, 364
"Naranja", 17.74, 890
"Manzana", 157.18, 830
"Uva", 690.96, 246
"Tomate", 807.14, 720
"Rabanito", 241.22, 333
"Lechuga", 49.69, 918
"Zanahoria", 35.99, 558
"Higo", 2552.31, 86
"Frambuesa", 2059.53, 80
"Frutilla", 275.49, 300
"Coliflor", 34.90, 570
"Berenjena", 48.68, 630
"Sandía", 62.77, 954
"Brócoli", 384.55, 468
"Higo", 2507.25, 119
"Lima", 1027.97, 222
"Manzana", 152.50, 920
"Batata", 15.59, 950
"Morrón", 2927.82, 642
"Zanahoria", 28.07, 492
"Mandarina", 10.85, 830
"Choclo", 54.59, 243
"Mandarina", 15.22, 910
"Banana", 71.41, 1130
"Frambuesa", 2053.48, 102
"Frutilla", 256.94, 336
"Lima", 1053.63, 184
"Tomate", 761.63, 990
"Banana", 63.69, 1080
"Rabanito", 211.59, 267
"Mandarina", 10.51, 980
"Brócoli", 346.15, 432
"Melón", 104.40, 424
"Tomate", 792.65, 864
"Zanahoria", 28.60, 720
"Pomelo", 42.77, 819
"Mandarina", 26.59, 880
"Uva", 681.68, 306
"Repollo", 9.20, 763
"Melón", 91.21, 420
"Espárrago", 631.13, 194
"Melón", 92.93, 360
"Frambuesa", 2019.79, 89
"Pepino", 53.90, 585
"Mandarina", 15.33, 1100
"Morrón", 2877.13, 570
"Batata", 21.30, 1020
"Apio", 68.18, 342
"Brócoli", 374.12, 372
"Brócoli", 346.39, 440
"Espárrago", 688.72, 200
"Mandarina", 16.51, 1190
"Naranja", 5.96, 910
"Papa", 19.96, 940
"Naranja", 15.46, 850
"Lechuga", 36.79, 801
"Durazno", 173.50, 656
"Lima", 981.30, 190
"Limon", 331.47, 819
"Ajo", 875.09, 83
"Lima", 1069.20, 220
"Palta", 486.53, 490
"Morrón", 2936.24, 534
"Espárrago", 572.93, 198
"Ciruela", 973.94, 1035
"Uva", 681.79, 342
"Repollo", 7.48, 826
"Melón", 97.52, 444
"Lima", 1232.94, 208
"Naranja", 11.79, 1200
"Calabaza", 23.46, 704
"Palta", 481.16, 465
"Durazno", 279.33, 816
"Palta", 1118.04, 332
"Apio", 55.79, 243
"Batata", 17.14, 1130
"Berenjena", 51.68, 660
"Choclo", 51.39, 357
"Repollo", 1.62, 777
"Calabaza", 27.13, 680
"Apio", 60.50, 288
"Manzana", 127.32, 920
"Uva", 667.81, 261
"Pera", 134.88, 1080
"Zanahoria", 25.55, 606
"Batata", 26.31, 930
"Alcachofa", 140.57, 303
"Espárrago", 634.74, 202
"Naranja", 15.84, 1020
"Berenjena", 54.39, 630
"Batata", 24.14, 820
"Choclo", 52.86, 255
"Naranja", 21.09, 1180
"Pomelo", 55.87, 936
"Ciruela", 944.10, 873
"Manzana", 149.84, 1180
"Espárrago", 602.65, 190
"Alcachofa", 154.30, 276
"Durazno", 181.00, 736
"Berenjena", 49.33, 606
"Acelga", 22.50, 783
"Pera", 131.41, 1040
"Durazno", 148.03, 664
"Lima", 1237.12, 192
"Uva", 658.03, 282
"Coliflor", 33.66, 590
"Lima", 1375.85, 194
"Alcachofa", 122.94, 309
"Alcachofa", 140.39, 297
"Apio", 57.96, 315
"Repollo", 1.27, 833
"Brócoli", 366.47, 376
"Cebolla", 56.04, 760
"Higo", 2478.23, 114
"Palta", 478.02, 555
"Ajo", 925.31, 99
"Pera", 140.72, 800
"Caqui", 850.36, 100
"Calabaza", 17.40, 856
"Cereza", 1038.55, 214
"Alcachofa", 154.92, 354
"Ajo", 916.60, 91
"Lima", 1015.36, 182
"Limon", 307.94, 560
"Higo", 2455.12, 102
"Acelga", 23.16, 747
"Mandarina", 12.77, 910
"Cebolla", 62.74, 856
"Caqui", 854.13, 102
"Manzana", 135.71, 1110
"Apio", 52.31, 252
"Palta", 1092.99, 380
"Coliflor", 33.51, 550
"Higo", 2580.74, 110
"TomCherry", 549.19, 214
"Limon", 323.32, 819
"Lima", 1452.47, 172
"Limon", 298.08, 707
"Naranja", 1.22, 1180
"Alcachofa", 133.15, 300
"Brócoli", 342.08, 428
"Apio", 64.81, 270
"Sandía", 58.63, 891
"Rabanito", 238.30, 339
"Durazno", 143.47, 792
"Limon", 317.46, 595
"Mandarina", 25.18, 1190
"Lima", 1349.55, 190
"Rabanito", 212.51, 348
"Calabaza", 22.87, 704
"Ajo", 926.87, 118
"Naranja", 15.02, 920
"Pepino", 38.66, 545
"Naranja", 17.32, 1180
"Batata", 16.20, 820
"Kiwi", 411.62, 440
"Calabaza", 24.46, 824
"Sandía", 64.87, 720
"Apio", 50.32, 360
"Durazno", 275.98, 736
"Apio", 62.15, 288
"Mandarina", 16.16, 840
"Limon", 312.99, 805
"Choclo", 52.12, 300
"Alcachofa", 146.26, 264
"Caqui", 861.30, 108
"Durazno", 142.22, 744
"TomCherry", 535.85, 234
"Tomate", 746.56, 936
"Berenjena", 55.78, 498
"Papa", 22.92, 850
"Brócoli", 356.78, 348
"TomCherry", 553.78, 180
"Mandarina", 23.29, 950
"Alcachofa", 126.52, 285
"Naranja", 17.08, 860
"Palta", 461.16, 505
"Alcachofa", 139.10, 273
"Caqui", 819.51, 117
"Pomelo", 39.22, 945
"Batata", 19.25, 800
"Berenjena", 58.35, 522
"Repollo", -1.40, 749
"Lima", 1010.46, 160
"Durazno", 132.59, 944
"Palta", 1184.44, 424
"Papa", 19.51, 1180
"Naranja", 21.41, 950
"Coliflor", 34.17, 510
"Palta", 1158.65, 460
"Apio", 62.84, 360
"Ajo", 891.69, 94
"Batata", 24.33, 1070
"Coliflor", 28.71, 580
"Limon", 341.60, 679
"Morrón", 2924.95, 690
"Melón", 125.74, 320
"Durazno", 151.19, 960
"Apio", 54.16, 339
"Kinoto", 27.69, 218
"Naranja", 11.98, 900
"Berenjena", 56.65, 642
"Morrón", 2931.19, 618
"Pera", 159.64, 890
"Palta", 1158.40, 480
"Palta", 1127.72, 332
"Espárrago", 636.88, 186
"Choclo", 49.86, 306
"Cereza", 961.51, 204
"Palta", 1233.63, 424
"Pomelo", 50.14, 846
"Uva", 683.27, 333
"Espárrago", 599.86, 192
"Caqui", 823.56, 118
"Cebolla", 57.14, 888
"Brócoli", 375.07, 328
"Espárrago", 609.17, 198
"Batata", 17.75, 890
"Choclo", 60.22, 252
"Apio", 65.95, 291
"Lima", 1215.41, 184
"Champignon", 3574.32, 93
"Zuccini", 72.00, 666
"Melón", 94.48, 396
"TomCherry", 535.31, 172
"Limon", 322.83, 679
"Naranja", 11.79, 1040
"Palta", 1126.27, 380
"Cebolla", 60.84, 688
"Brócoli", 406.22, 352
"Mandarina", 27.57, 950
"Berenjena", 56.29, 648
"Cebolla", 59.88, 888
"Morrón", 2920.33, 690
"Lima", 1419.35, 190
"Apio", 49.14, 279
"Cebolla", 45.71, 936
"Uva", 680.39, 294
"Apio", 62.43, 240
"Mandarina", 25.89, 1100
"Sandía", 58.14, 990
"Repollo", 2.42, 574
"Papa", 12.12, 880
"Caqui", 841.76, 117
"Calabaza", 22.33, 952
"Zanahoria", 27.18, 654
"Batata", 23.10, 990
"TomCherry", 571.51, 178
"Morrón", 3014.59, 564
"Morrón", 2829.34, 696
"Pomelo", 46.53, 801
"Palta", 474.73, 460
"Apio", 55.57, 351
"Batata", 22.82, 1070
"Frutilla", 267.89, 258
"Uva", 701.08, 342
"Higo", 2434.89, 116
"Choclo", 62.27, 345
"Acelga", 23.59, 819
"Pomelo", 42.57, 981
"Choclo", 57.36, 330
"Coliflor", 39.69, 475
"Durazno", 149.52, 920
"Frutilla", 294.66, 285
"Frambuesa", 2150.57, 87
"Coliflor", 31.99, 475
"Higo", 2523.39, 118
"Manzana", 124.63, 1000
"Durazno", 139.50, 752
"Pera", 131.92, 880
"Papa", 13.90, 970
"Berenjena", 53.24, 552
"Lechuga", 56.26, 1035
"Durazno", 284.00, 648
"Champignon", 3536.16, 93
"Batata", 16.44, 800
"Mandarina", 17.35, 850
"Zanahoria", 35.69, 510
"Palta", 520.31, 555
"Ciruela", 959.79, 891
"Repollo", 4.85, 833
"Champignon", 3625.51, 88
"Berenjena", 61.71, 708
"Frambuesa", 2030.65, 103
"Ciruela", 909.18, 1026
"Brócoli", 349.19, 352
"Lima", 1391.51, 226
"Choclo", 64.18, 282
"Pera", 133.17, 980
"Mandarina", 13.93, 1160
"Pomelo", 42.58, 828
"Acelga", 17.77, 792
"Naranja", 10.14, 1190
"Zanahoria", 31.96, 678
"Frutilla", 272.13, 270
"Naranja", 5.21, 890
"Rabanito", 244.81, 240
"Pepino", 35.82, 465
"Palta", 496.04, 525
"Mandarina", 26.40, 1170
"Lima", 1330.66, 208
"Espárrago", 646.63, 178
"Choclo", 53.90, 339
"Choclo", 55.42, 315
"Kinoto", 41.52, 214
"Banana", 64.51, 990
"Zanahoria", 30.88, 660
"Sandía", 61.90, 756
"Morrón", 2978.93, 618
"Durazno", 137.41, 728
"Pepino", 33.69, 510
"Espárrago", 660.44, 228
"Coliflor", 26.95, 595
"Zanahoria", 31.39, 606
"Naranja", 13.80, 870
"Rabanito", 238.23, 249
"Champignon", 3596.89, 103
"Durazno", 134.54, 896
"Palta", 1115.89, 328
"Melón", 101.54, 468
"Pera", 143.77, 840
"Mandarina", 14.05, 800
"Frutilla", 263.40, 255
"Cereza", 1027.17, 210
"Tomate", 743.47, 900
"Cereza", 1033.78, 170
"Ciruela", 934.16, 972
"Kiwi", 439.74, 380
"Pepino", 29.73, 505
"Pera", 150.36, 1030
"Pera", 159.83, 860
"Sandía", 65.93, 864
"Espárrago", 633.58, 216
"Kiwi", 420.68, 464
"Uva", 692.48, 345
"Caqui", 853.89, 93
"Espárrago", 604.68, 220
"Durazno", 180.00, 704
"Pera", 132.95, 910
"Kiwi", 482.34, 412
"Champignon", 3605.53, 84
"Frambuesa", 2014.02, 101
"Palta", 499.10, 480
"Durazno", 155.65, 864
"Kinoto", 32.71, 230
"Sandía", 55.75, 927
"Pepino", 44.00, 510
"Ajo", 900.50, 89
"Lima", 1358.93, 164
"Apio", 51.49, 351
"Apio", 55.13, 255
"Ajo", 928.27, 87
"Espárrago", 635.27, 178
"Uva", 742.70, 312
"Lechuga", 44.25, 1080
"Naranja", 17.36, 1140
"Repollo", 5.29, 595
"Champignon", 3633.49, 97
"Zanahoria", 36.24, 516
"Cebolla", 69.05, 680
"Banana", 80.33, 1090
"Repollo", 5.22, 777
"Mandarina", 30.56, 1170
"Durazno", 164.10, 928
"Cebolla", 79.19, 640
"Naranja", 20.09, 950
"Durazno", 254.11, 704
"Coliflor", 31.44, 435
"Papa", 12.73, 910
"Apio", 63.59, 258
"Zuccini", 92.72, 492
"Berenjena", 53.30, 492
"Mandarina", 26.31, 1170
"Banana", 60.45, 980
"Repollo", 7.49, 616
"Repollo", 3.74, 749
"Lechuga", 33.25, 738
"Mandarina", 22.60, 1010
"Sandía", 53.80, 747
"Frutilla", 275.03, 240
"Sandía", 58.30, 990
"Espárrago", 617.35, 174
"Mandarina", 20.15, 1110
"Durazno", 267.73, 824
"Morrón", 2890.85, 552
"Berenjena", 65.30, 600
"Cebolla", 66.69, 808
"Lechuga", 46.51, 837
"Alcachofa", 130.57, 318
"Banana", 58.72, 940
"Lechuga", 42.14, 954
"Frambuesa", 1968.37, 91
"Brócoli", 378.57, 412
"Naranja", 21.75, 910
"Tomate", 747.04, 1026
"Champignon", 3615.50, 96
"Kiwi", 441.88, 472
"Cereza", 1036.23, 202
"Durazno", 304.77, 888
"Ajo", 869.25, 81
"Rabanito", 234.55, 357
"Kiwi", 457.13, 332
"Acelga", 17.83, 927
"Kiwi", 419.26, 440
"Kiwi", 453.71, 336
"Higo", 2518.30, 108
"Frutilla", 277.98, 267
"Manzana", 128.78, 1140
"Uva", 693.76, 309
"Lima", 1266.46, 212
"Caqui", 774.79, 105
"Sandía", 58.94, 819
"Espárrago", 629.37, 172
"Durazno", 152.67, 840
"Kinoto", 36.91, 170
"Uva", 707.67, 303
"Lechuga", 41.81, 918
"Brócoli", 347.36, 464
"Morrón", 2900.18, 510
"Coliflor", 24.59, 575
"Zuccini", 82.26, 510
"Lima", 1236.09, 218
"Limon", 316.26, 574
"TomCherry", 523.83, 216
"Frambuesa", 2072.47, 91
"Durazno", 176.68, 736
"Tomate", 790.34, 792
"Pomelo", 53.88, 972
"Cereza", 1030.88, 174
"Melón", 96.79, 472
"Pepino", 35.16, 560
"Naranja", 21.25, 860
"Higo", 2450.24, 111
"Caqui", 799.20, 98
"Acelga", 28.00, 1071
"Kiwi", 432.59, 324
"Uva", 708.13, 261
"Frutilla", 249.04, 333
"Frutilla", 310.16, 258
"Naranja", 12.88, 980
"Caqui", 778.96, 102
"Cebolla", 68.83, 744
"Palta", 1234.37, 436
"Alcachofa", 154.52, 300
"Mandarina", 15.48, 890
"Repollo", 3.96, 616
"Naranja", 12.40, 970
"Durazno", 293.88, 904
"Lima", 1333.88, 180
"Higo", 2513.45, 88
"Lima", 1168.30, 180
"Durazno", 162.79, 928
"Coliflor", 19.82, 445
"Naranja", 23.45, 1170
"Higo", 2461.13, 86
"Cebolla", 71.16, 776
"Melón", 118.19, 408
"Alcachofa", 140.56, 273
"Alcachofa", 141.17, 345
"Kiwi", 436.85, 404
"TomCherry", 476.88, 224
"Naranja", 13.55, 1000
"Palta", 1132.54, 352
"Espárrago", 662.68, 228
"Zanahoria", 29.92, 510
"Banana", 41.94, 950
"Tomate", 744.53, 774
"Ciruela", 911.10, 837
"Palta", 1167.46, 472
"Calabaza", 21.58, 888
"TomCherry", 560.38, 186
"Naranja", 17.45, 1200
"Durazno", 240.18, 832
"Cereza", 1004.30, 174
"Durazno", 273.76, 832
"Frutilla", 284.35, 273
"Tomate", 763.52, 1044
"Ciruela", 930.21, 1035
"Palta", 496.08, 515
"Kinoto", 34.92, 220
"Frambuesa", 2061.27, 82
"Calabaza", 28.55, 784
"Sandía", 72.60, 1035
"Pepino", 35.71, 415
"Rabanito", 214.73, 255
"TomCherry", 570.13, 200
"Naranja", 15.34, 1050
"Choclo", 66.09, 294
"Coliflor", 31.73, 420
"Uva", 707.23, 351
"Cereza", 1025.79, 174
"Sandía", 64.90, 819
"Mandarina", 13.54, 1110
"Limon", 334.06, 742
"Repollo", 4.90, 595
"Apio", 58.47, 345
"Lechuga", 37.83, 882
"Uva", 710.12, 357
"Pepino", 38.86, 600
"Tomate", 768.65, 891
"Limon", 327.06, 826
"Calabaza", 21.94, 816
"Mandarina", 20.89, 1020
"Pepino", 34.61, 590
"Durazno", 123.69, 680
"Brócoli", 343.65, 464
"Kiwi", 453.43, 456
"TomCherry", 529.70, 184
"Pomelo", 49.54, 936
"Palta", 1150.38, 448
"Champignon", 3427.89, 108
"Naranja", 9.66, 1060
"Acelga", 17.08, 738
"Tomate", 783.43, 792
"Manzana", 149.87, 890
"Coliflor", 27.51, 445
"Acelga", 16.91, 747
"Lima", 1104.46, 188
"Papa", 9.54, 1140
"Lechuga", 52.73, 1035
"Brócoli", 386.79, 472
"Mandarina", 19.98, 820
"Apio", 63.35, 321
"Manzana", 133.29, 870
"Pepino", 39.27, 585
"Morrón", 2966.23, 636
"Sandía", 46.55, 999
"Brócoli", 356.12, 472
"Banana", 57.93, 1010
"Uva", 679.39, 291
"Pomelo", 48.26, 927
"Naranja", 11.33, 1010
"Mandarina", 22.13, 1070
"Pomelo", 49.44, 1035
"Pera", 154.74, 880
"Zuccini", 77.57, 498
"TomCherry", 562.15, 238
"Pepino", 36.50, 445
"Manzana", 136.93, 830
"Ajo", 920.73, 95
"Durazno", 278.37, 856
"Acelga", 23.71, 927
"Frutilla", 260.98, 357
"Espárrago", 601.98, 218
"Brócoli", 374.21, 464
"Higo", 2475.51, 110
"Durazno", 143.93, 688
"Lima", 1226.85, 216
"Banana", 72.54, 910
"Naranja", 17.21, 1080
"Zanahoria", 39.85, 558
"Lima", 1130.25, 208
"Calabaza", 16.44, 680
"Ciruela", 955.16, 774
"Higo", 2464.33, 105
"Champignon", 3696.16, 96
"Ajo", 873.83, 101
"Calabaza", 31.45, 840
"Lechuga", 50.29, 801
"Berenjena", 51.97, 690
"Naranja", 8.01, 800
"Lima", 1385.55, 222
"Apio", 49.54, 255
"Morrón", 2922.42, 612
"Lechuga", 34.56, 738
"Kinoto", 28.18, 228
"Naranja", 19.35, 930
"Zuccini", 86.32, 552
"Higo", 2560.17, 96
"Choclo", 61.22, 351
"Coliflor", 25.58, 530
"Espárrago", 631.47, 228
"Caqui", 817.37, 111
"Lima", 1235.49, 170
"Acelga", 22.42, 738
"Cereza", 976.38, 168
"Apio", 59.53, 258
"Palta", 1150.90, 416
"Caqui", 860.68, 97
"Lima", 976.94, 216
"Palta", 474.52, 410
"Rabanito", 213.41, 246
"Acelga", 25.71, 1044
"Caqui", 755.23, 80
"Banana", 68.84, 850
"Zuccini", 77.85, 660
"Berenjena", 58.23, 714
"Champignon", 3647.96, 118
"Ajo", 914.22, 109
"Kiwi", 395.02, 368
"Berenjena", 53.51, 588
"Banana", 60.75, 950
"Cereza", 1028.69, 196
"Rabanito", 231.70, 288
"Calabaza", 20.37, 776
"Manzana", 150.02, 1010
"Limon", 343.03, 707
"Cebolla", 65.64, 928
"Lima", 1288.00, 176
"Cebolla", 65.33, 704
"Pera", 148.42, 820
"Rabanito", 212.70, 267
"Apio", 63.10, 282
"Pera", 136.43, 1060
"Manzana", 138.37, 960
"Brócoli", 379.65, 476
"Lima", 1189.68, 204
"Alcachofa", 138.47, 255
"Lima", 1042.17, 238
"Lima", 1382.59, 214
"Higo", 2439.08, 118
"Mandarina", 15.92, 1180
"TomCherry", 550.17, 234
"Rabanito", 256.19, 261
"Durazno", 151.87, 752
"Lima", 1226.60, 164
"Lima", 1230.26, 176
"Brócoli", 337.84, 368
"Ciruela", 930.85, 837
"Frambuesa", 2074.18, 83
"Ajo", 900.02, 115
"Higo", 2425.11, 90
"Cereza", 1005.35, 230
"TomCherry", 529.12, 192
"Pepino", 46.94, 525
"Palta", 509.63, 470
"Sandía", 58.65, 729
"Melón", 110.86, 412
"Coliflor", 29.46, 420
"Pera", 155.98, 1010
"Frutilla", 258.05, 267
"Kinoto", 47.38, 188
"Cebolla", 61.35, 688
"Berenjena", 66.49, 522
"TomCherry", 563.48, 210
"Mandarina", 25.18, 1150
"Acelga", 24.61, 963
"Palta", 1147.20, 368
"Morrón", 2960.58, 498
"Frutilla", 274.93, 276
"Batata", 17.65, 850
"Pomelo", 45.67, 1080
"Limon", 351.56, 567
"Apio", 60.15, 327
"Tomate", 710.90, 945
"Zanahoria", 41.87, 618
"Naranja", 16.52, 960
"Frutilla", 314.09, 270
"Batata", 19.28, 1120
"Lechuga", 34.52, 1017
"Morrón", 2974.09, 534
"Tomate", 751.54, 900
"Mandarina", 25.63, 1170
"Cereza", 986.02, 186
"Banana", 88.59, 800
"Acelga", 24.79, 819
"Pera", 160.25, 820
"Palta", 504.31, 405
"Acelga", 24.96, 954
"Choclo", 66.18, 279
"Apio", 55.51, 306
"Cereza", 1027.44, 196
"Batata", 23.35, 880
"Papa", 19.68, 830
"Lima", 982.97, 200
"Ciruela", 975.21, 765
"Berenjena", 45.22, 570
"Choclo", 63.87, 240
"Kinoto", 35.88, 204
"Mandarina", 6.22, 970
"Alcachofa", 146.61, 327
"Mandarina", 14.13, 880
"Lechuga", 41.48, 918
"Lechuga", 40.82, 936
"Durazno", 185.32, 912
"Zanahoria", 32.11, 708
"Ajo", 937.68, 103
"Melón", 101.10, 372
"Berenjena", 60.13, 552
"Palta", 489.84, 430
"Frambuesa", 1968.85, 96
"Brócoli", 322.80, 372
"Zanahoria", 30.49, 570
"Pera", 133.66, 1060
"Cebolla", 70.98, 776
"Mandarina", 24.01, 1150
"Manzana", 136.63, 880
"Ajo", 950.08, 100
"Higo", 2494.92, 101
"Cebolla", 62.12, 672
"Uva", 711.33, 330
"Alcachofa", 110.06, 258
"Caqui", 845.15, 83
"Choclo", 63.12, 270
"Berenjena", 54.62, 624
"Alcachofa", 142.27, 306
"Lima", 1302.23, 176
"Lima", 1162.11, 222
"Uva", 724.81, 306
"Lima", 1269.55, 230
"Naranja", 16.00, 1150
"Uva", 702.30, 258
"Lima", 1382.44, 160
"Berenjena", 54.95, 510
"Uva", 768.79, 348
"Brócoli", 378.90, 332
"Calabaza", 24.79, 784
"Pepino", 31.55, 550
"Cereza", 1042.26, 230
"TomCherry", 569.80, 192
"Apio", 56.62, 318
"Repollo", 0.51, 686
"Palta", 1185.19, 452
"Lima", 1367.51, 164
"Lima", 1188.63, 194
"Limon", 298.35, 770
"Limon", 301.31, 749
"Sandía", 56.60, 972
"TomCherry", 540.45, 218
"Melón", 93.42, 376
"Rabanito", 240.48, 258
"Zanahoria", 20.02, 678
"Banana", 55.15, 870
"Berenjena", 50.24, 498
"Papa", 17.49, 870
"Alcachofa", 135.30, 342
"Pomelo", 47.90, 738
"Lima", 1180.75, 186
"Rabanito", 229.44, 267
"Cebolla", 69.99, 936
"Morrón", 2937.46, 570
"Caqui", 787.72, 88
"Pomelo", 39.26, 837
"Ajo", 869.09, 83
"Durazno", 254.12, 808
"Ciruela", 983.39, 864
"Rabanito", 240.92, 351
"Calabaza", 16.39, 672
"Papa", 18.72, 840
"Cebolla", 70.74, 680
"Ajo", 953.44, 95
"Banana", 83.46, 1090
"Banana", 58.94, 1170
"Pera", 143.86, 1010
"Choclo", 58.68, 339
"Ajo", 902.92, 86
"Uva", 732.90, 297
"Kiwi", 463.46, 448
"Ajo", 894.34, 86
"Caqui", 791.04, 90
"Mandarina", 22.39, 930
"Brócoli", 366.11, 480
"Lima", 999.53, 188
"Papa", 18.60, 1100
"Ajo", 890.11, 117
"Champignon", 3539.44, 113
"Durazno", 280.90, 880
"Naranja", 17.88, 1040
"Higo", 2463.30, 94
"Melón", 114.32, 384
"Repollo", 0.88, 560
"Pepino", 40.20, 565
"Durazno", 162.44, 936
"Calabaza", 19.81, 872
"Palta", 500.69, 500
"Frutilla", 284.56, 360
"Melón", 90.48, 464
"Pepino", 44.28, 420
"Naranja", 10.18, 1020
"Lima", 1057.43, 232
"Brócoli", 349.15, 408
"Zanahoria", 31.49, 612
"Pera", 147.27, 1170
"Acelga", 30.13, 783
"Ciruela", 991.83, 774
"Naranja", 23.56, 1160
"Papa", 22.81, 810
"Palta", 467.59, 530
"Banana", 62.44, 1010
"Pomelo", 41.27, 738
"Lima", 1226.86, 180
"Repollo", 4.16, 784
"Alcachofa", 145.29, 264
"Zuccini", 92.71, 486
"Espárrago", 617.01, 168
"Ciruela", 964.31, 900
"Naranja", 20.05, 1060
"Sandía", 41.08, 810
"Cebolla", 66.18, 952
"Sandía", 74.18, 783
"Mandarina", 16.17, 980
"Kiwi", 437.17, 428
"Batata", 21.80, 1110
"Calabaza", 19.88, 720
"Naranja", 12.62, 1000
"Pomelo", 54.65, 1044
"Zanahoria", 29.75, 546
"Cebolla", 63.23, 880
"Lechuga", 41.76, 999
"Pepino", 28.94, 460
"Calabaza", 17.11, 696
"TomCherry", 554.80, 208
"Zanahoria", 37.92, 684
"Acelga", 15.49, 1062
"Lechuga", 39.19, 855
"Uva", 761.98, 270
"Choclo", 58.32, 336
"Batata", 22.81, 970
"Rabanito", 241.53, 348
"Alcachofa", 140.96, 285
"Lima", 1255.71, 194
"Uva", 735.33, 261
"Ciruela", 966.98, 918
"Lima", 993.25, 214
"Uva", 677.28, 321
"Champignon", 3548.26, 87
"Rabanito", 225.20, 240
"Lechuga", 47.07, 1044
"Cebolla", 60.02, 688
"Durazno", 161.36, 808
"Kiwi", 424.20, 340
"Morrón", 2932.31, 690
"Calabaza", 23.87, 864
"Calabaza", 16.23, 808
"Melón", 98.01, 468
"Naranja", 15.17, 1070
"Alcachofa", 153.78, 330
"Pera", 136.07, 1090
"Frutilla", 287.79, 318
"Melón", 109.50, 400
"Frambuesa", 2110.55, 80
"Alcachofa", 140.60, 348
"Champignon", 3597.20, 89
"Lima", 1258.85, 196
"Zuccini", 84.82, 492
"Frutilla", 285.02, 258
"Choclo", 66.70, 324
"Berenjena", 69.52, 660
"Sandía", 55.75, 918
"Limon", 351.76, 749
"Cebolla", 54.70, 704
"Mandarina", 13.90, 1130
"Acelga", 15.11, 981
"Kinoto", 35.79, 224
"Calabaza", 21.92, 832
"Pera", 168.14, 1060
"Melón", 106.43, 444
"Ajo", 910.96, 111
"Rabanito", 250.61, 333
"Mandarina", 19.43, 1110
"Cereza", 1062.71, 170
"Tomate", 697.17, 927
"Banana", 65.25, 880
"Kinoto", 29.70, 236
"Repollo", 0.08, 770
"Batata", 13.99, 830
"Caqui", 842.73, 93
"Rabanito", 238.31, 309
"Zuccini", 80.77, 516
"Repollo", 4.86, 770
"Cebolla", 77.65, 752
"Frambuesa", 2034.49, 98
"Banana", 74.62, 830
"Brócoli", 366.53, 384
"Coliflor", 37.16, 505
"Cereza", 1007.20, 218
"Manzana", 144.60, 1120
"Durazno", 161.38, 768
"Mandarina", 23.87, 1060
"Pomelo", 45.89, 918
"Papa", 18.10, 1010
"Brócoli", 361.91, 324
"Ciruela", 1028.19, 963
"Manzana", 124.82, 930
"Alcachofa", 147.47, 276
"Pomelo", 56.54, 945
"Lima", 1180.15, 192
"Durazno", 150.30, 792
"Calabaza", 22.89, 880
"Repollo", 7.44, 588
"Zanahoria", 41.88, 534
"Acelga", 24.79, 846
"Ciruela", 946.24, 990
"Kinoto", 35.03, 228
"Melón", 84.69, 324
"Ciruela", 934.69, 963
"Melón", 100.27, 352
"Lima", 1122.53, 218
"Durazno", 184.91, 768
"Naranja", 12.68, 1110
"Kiwi", 441.26, 480
"Brócoli", 340.04, 436
"Ajo", 907.60, 90
"Melón", 109.96, 340
"Tomate", 701.33, 828
"Mandarina", 16.27, 970
"Cebolla", 64.74, 704
"Pomelo", 39.66, 873
"Durazno", 259.57, 896
"Ciruela", 941.17, 855
"Cebolla", 69.27, 808
"Rabanito", 217.09, 327
"Durazno", 152.79, 928
"Repollo", 4.42, 623
"Kinoto", 39.09, 162
"Melón", 102.92, 320
"Pomelo", 43.39, 999
"Papa", 16.24, 880
"Mandarina", 7.80, 1150
"Morrón", 3008.08, 594
"Calabaza", 13.22, 768
"Choclo", 48.74, 249
"Durazno", 263.20, 776
"Manzana", 129.25, 1070
"Choclo", 51.63, 273
"Brócoli", 328.56, 444
"Palta", 1116.37, 400
"Cebolla", 63.63, 792
"Zuccini", 83.14, 702
"Zuccini", 78.64, 606
"Palta", 476.47, 525
"Lima", 1215.66, 208
"Papa", 5.92, 910
"Manzana", 143.60, 930
"Ajo", 893.89, 86
"Batata", 24.62, 850
"Naranja", 15.73, 1060
"Ajo", 851.80, 112
"Banana", 58.97, 1010
"Tomate", 785.14, 963
"Palta", 492.39, 485
"Lima", 1228.38, 162
"Morrón", 2960.26, 510
"Alcachofa", 154.28, 303
"Pomelo", 46.86, 999
"Naranja", 19.86, 890
"Limon", 338.57, 588
"Lima", 1224.15, 160
"Higo", 2477.85, 86
"Lima", 1307.77, 178
"Alcachofa", 141.67, 264
"Calabaza", 26.46, 696
"Alcachofa", 145.88, 276
"Durazno", 152.81, 816
"Banana", 51.72, 980
"Brócoli", 349.65, 408
"Coliflor", 25.59, 525
"Higo", 2535.45, 94
"Lechuga", 38.22, 756
"Repollo", 5.44, 567
"Durazno", 276.15, 768
"Tomate", 735.89, 882
"Durazno", 260.52, 736
"Uva", 693.85, 354
"Alcachofa", 120.09, 360
"Apio", 68.66, 291
"TomCherry", 566.11, 234
"Durazno", 156.10, 904
"Mandarina", 11.91, 1120
"Sandía", 73.00, 882
"Alcachofa", 156.03, 291
"Frambuesa", 2037.63, 89
"Mandarina", 24.37, 900
"Naranja", 14.58, 930
"Lima", 1352.62, 206
"Champignon", 3529.47, 96
"Frambuesa", 2056.37, 104
"Coliflor", 32.56, 455
"Tomate", 759.75, 810
"Rabanito", 233.17, 285
"Manzana", 133.39, 1200
"Manzana", 138.80, 1180
"Alcachofa", 140.23, 306
"Acelga", 12.01, 1062
"Lima", 1231.83, 186
"Lima", 1074.83, 222
"Berenjena", 66.87, 546
"Berenjena", 58.02, 486
"Melón", 90.37, 420
"Coliflor", 23.03, 550
"Lima", 1375.07, 174
"Frutilla", 307.09, 255
"Kiwi", 413.84, 324
"Cebolla", 61.15, 752
"Palta", 479.76, 550
"Brócoli", 394.53, 468
"Kiwi", 424.59, 344
"Uva", 669.86, 240
"Batata", 25.17, 980
"Alcachofa", 138.16, 243
"Banana", 65.04, 820
"Lima", 1410.30, 226
"Naranja", 4.56, 1180
"Pepino", 33.74, 410
"Berenjena", 49.41, 606
"Mandarina", 20.26, 1080
"Kinoto", 33.78, 180
"Alcachofa", 129.26, 285
"Durazno", 202.30, 688
"Ajo", 899.68, 82
"Repollo", 7.63, 686
"Champignon", 3587.37, 85
"Durazno", 170.72, 896
"Naranja", 19.66, 930
"Apio", 72.87, 300
"Uva", 698.48, 249
"Kinoto", 41.35, 196
"Apio", 54.80, 309
"Palta", 493.63, 555
"Morrón", 2982.65, 654
"Papa", 21.98, 1060
"Lechuga", 51.23, 810
"Acelga", 19.44, 963
"Rabanito", 226.88, 255
"Frutilla", 266.30, 252
"Limon", 339.62, 728
"Pera", 153.35, 840
"Uva", 653.99, 246
"Durazno", 145.16, 880
"Sandía", 56.35, 1026
"Higo", 2388.00, 83
"Tomate", 704.82, 1008
"Acelga", 22.40, 1062
"Kiwi", 428.61, 432
"Naranja", 14.07, 1050
"Pepino", 34.52, 490
"Limon", 339.53, 735
"Calabaza", 19.54, 944
"Brócoli", 398.43, 468
"Morrón", 3004.85, 684
"Ciruela", 918.03, 828
"Durazno", 278.08, 960
"Mandarina", 21.74, 920
"Lima", 1183.38, 240
"Pera", 164.67, 1120
"Durazno", 129.42, 944
"Frutilla", 296.68, 306
"Lima", 1059.16, 212
"Durazno", 130.67, 880
"Sandía", 64.47, 810
"Coliflor", 27.36, 565
"Papa", 13.27, 1000
"Cereza", 1012.30, 174
"Repollo", 4.24, 742
"Uva", 727.77, 294
"Durazno", 157.68, 744
"Limon", 338.01, 721
"Lima", 1252.61, 196
"Kinoto", 35.55, 224
"Lima", 1049.50, 160
"Naranja", 8.66, 880
"Batata", 23.82, 1060
"Durazno", 274.01, 832
"Pomelo", 44.17, 990
"Palta", 1100.32, 320
"Brócoli", 351.41, 372
"Limon", 313.68, 693
"Palta", 513.30, 430
"Repollo", 8.33, 714
"Sandía", 49.67, 864
"Ajo", 916.85, 114
"Berenjena", 51.25, 624
"TomCherry", 539.91, 234
"Zuccini", 86.97, 528
"Kinoto", 34.34, 216
"Higo", 2566.64, 106
"Mandarina", 24.82, 880
"Palta", 1055.23, 440
"Choclo", 49.46, 264
"Morrón", 2946.76, 708
"Lima", 1376.83, 182
"Banana", 73.20, 1190
"Espárrago", 622.32, 184
"Durazno", 158.28, 832
"Uva", 678.45, 270
"TomCherry", 542.53, 164
"Limon", 351.36, 560
"Mandarina", 17.33, 1110
"Banana", 58.87, 840
"Pepino", 40.56, 400
"Brócoli", 339.63, 388
"Berenjena", 61.60, 480
"Durazno", 261.41, 832
"Uva", 718.68, 357
"Alcachofa", 144.19, 249
"TomCherry", 553.01, 194
"Cereza", 1017.73, 180
"Limon", 305.08, 602
"Champignon", 3559.12, 82
"Banana", 66.85, 1070
"Melón", 87.34, 360
"Calabaza", 22.24, 736
"Lima", 960.85, 170
"Palta", 480.49, 540
"Calabaza", 18.71, 688
"Naranja", 10.01, 840
"Brócoli", 384.62, 380
"Durazno", 164.71, 752
"Frutilla", 293.20, 360
"Calabaza", 22.43, 944
"Durazno", 158.68, 824
"Naranja", 8.07, 830
"Calabaza", 24.03, 752
"Repollo", 7.04, 721
"Manzana", 139.09, 890
"Palta", 1031.59, 380
"Pepino", 44.13, 545
"Tomate", 730.09, 1080
"Apio", 63.25, 258
"Lima", 1232.48, 166
"Limon", 337.97, 819
"TomCherry", 555.04, 182
